﻿SubstrateID,Substrate Type,Substrate Description,,,,
SUB1,REEF,contiguous rock habitat the size of a car or larger,,,,
SUB2,BOULDER,too large for a diver to move up to the size of a car,,,,
SUB3,COBBLE (Movable),small rock (larger than a thumb) that a diver can move and turn over,,,,
SUB4,SAND,rocky sand that is soft enough for a diver to insert a hand,,,,
,,,,,,
"Substrate may only add up to 100%. This is a quantitative description of what type of substrate is found at the zero, 10, 20 and 30m marks on the transect.",,,,,,
,,,,,,
