HabitatID,Habitat Type,Habitat Definition,,,,,,,,,,,,,
ALG1,BARE ROCK,"bare rock, no algae, no invertebrates",,,,,,,,,,,,,
ALG2,ENCRUSTING,paint-like two-dimensional coating on the rock,,,,,,,,,,,,,
ALG3,TURF,three-dimensional algal mat about height of a cut lawn,,,,,,,,,,,,,
ALG4,FOLIOSE,fleshy algae less than 1 foot in height,,,,,,,,,,,,,
ALG5,SUBCANOPY,fleshy algae less that 4 feet in height,,,,,,,,,,,,,
ALG6,CANOPY,fleshy algae that reaches the water surface,,,,,,,,,,,,,
,,,,,,,,,,,,,,,
"The algal cover category is based on algal type height. Therefore, algal habitat may exceed 100%. Canopy cover may be above subcanopy with a pavement of turf or encrusting algae. This is a quantitative descriptor of the algal cover at the zero, 10, 20 and 30m marks on the transect.",,,,,,,,,,,,,,,
,,,,,,,,,,,,,,,
,,,,,,,,,,,,,,,
,,,,,,,,,,,,,,,
