﻿SiteID,SiteName,Lat,Lon,ProtectionStatus,DFW_short_code,CA_MPA_Name_Short,LTM_project_short_code,Notes
ALB,Albion Bay,39.228024,-123.773516,non-MPA,ALB,,,
BR,Bodega Marine Life Refuge (BML),38.315361,-123.071539,no take MPA,BR,Bodega Head SMR,,
CC,Caspar Cove (South),39.3601,-123.828283,no commercial red sea urchin fishing,CCin,,,
CC,Caspar Cove (North),39.373233,-123.82905,non-MPA,CCout,,,
FM,Fisk Mill Cove,38.596415,-123.354168,non-MPA,FM,,,
FR,Fort Ross State Park (inside MPA),38.509614,-123.24582,no recreational abalone fishing after 2014,FR,,,"No abalone may be taken in the Fort Ross area bounded by the mean high tide line and a line drawn due south true from 38Â°30.63' N, 123Â°14.98' W (the northern point of Fort Ross Cove) and a line drawn due west true from 38Â°29.45' N, 123Â°11.72' W (Jewel Gulch, south boundary Fort Ross State Park)"
MC,Moat Creek,38.878745,-123.676906,non-MPA,MC,,,
OC,Ocean Cove,38.554554,-123.307757,non-MPA,OC,,,
PA,Point Arena,38.914356,-123.719536,non-MPA,PA_Pier,,,
PC,Point Cabrillo Lighthouse Reserve,39.351155,-123.828038,no take MPA,PC,Point Cabrillo SMR,,
RG,Russian Gulch,39.325307,-123.810487,non-MPA,RG,Russian Gulch SMCA,,No commercial take of bull or giant kelp in Russian Gulch SMCA
SER,Sea Ranch/Pebble Beach ,38.693061,-123.443546,non-MPA,SER,,,
SP,Salt Point State Park (South),38.562399,-123.326334,no commercial red sea urchin fishing,SPin,Salt Point SMCA,,
SP,Salt Point State Park (North),38.56862,-123.34016,non-MPA,SPout,,,
SP,Salt Point State Park (Gerstle Cove no take MPA),38.566254,-123.330139,no take MPA,SPnotake,Gerstle Cove SMR,,
ST,Stornetta Ranch (Sea Lion Cove),38.9346,-123.7273,no take MPA,ST,Sea Lion Cove SMCA,,No abalone may be taken from Sea Lion Cove SMCA
STW,Stewart's Point ,38.657349,-123.410835,non-MPA,STW,Stewarts Point SMCA ,,"Abalone may be taken from Stewart's Point SMCA. The following may be taken recreationally from shore only: marine aquatic plants other than sea palm, marine invertebrates, finfish by hook-and-line, surf smelt by beach net, and species authorized in Section 28.80 of these regulations by hand-held dip net."
TC,Timber Cove,38.529384,-123.274686,non-MPA,TC,,,
TP,Todds Point,39.428584,-123.81585,non-MPA,TP,,,
VD,Van Damme State Park,39.27069,-123.79325,non-MPA,VD,Van Damme SMCA,,No commercial take of bull or giant kelp in Van Damme SMCA
