﻿SpeciesID,CommonName,ScientificName,species_definition,taxonomic_source,taxonomic_id,kingdom,phylum,class,order,family,genus,rank
A0,Abalone species,Haliotis spp.,"abalone, not identified to species level",WoRMS,138050,Animalia,Mollusca,Gastropoda,Lepetellida,Haliotidae,Haliotis,Genus
A1,Red Abalone,Haliotis rufescens,Haliotis rufescens,WoRMS,445357,Animalia,Mollusca,Gastropoda,Lepetellida,Haliotidae,Haliotis,Species
A11,Flat Abalone,Haliotis walallensis,Haliotis walallensis,WoRMS,445374,Animalia,Mollusca,Gastropoda,Lepetellida,Haliotidae,Haliotis,Species
A12,Pinto Abalone,Haliotis kamtschatkana,Haliotis kamtschatkana,WoRMS,405014,Animalia,Mollusca,Gastropoda,Lepetellida,Haliotidae,Haliotis,Species
A13,Green Abalone,Haliotis fulgens,Haliotis fulgens,WoRMS,445325,Animalia,Mollusca,Gastropoda,Lepetellida,Haliotidae,Haliotis,Species
A14,Threaded Abalone,Haliotis kamtschatkana,Haliotis kamtschatkana (previously was designated subspecies assimilis),WoRMS,405014,Animalia,Mollusca,Gastropoda,Lepetellida,Haliotidae,Haliotis,Species
A15,Pink Abalone,Haliotis corrugata,Haliotis corrugata,WoRMS,445308,Animalia,Mollusca,Gastropoda,Lepetellida,Haliotidae,Haliotis,Species
C0,Crab species,Brachyura,"crab, not identified beyond the infraorder level",WoRMS,106673,Animalia,Arthropoda,Malacostraca,Decapoda,,,Infraorder
C1,Cancer species,Cancer spp.,"crab, not identified to species level",WoRMS,106876,Animalia,Arthropoda,Malacostraca,Decapoda,Cancridae,Cancer,Genus
C11,Red Rock Crab,Cancer productus,Cancer productus,WoRMS,440382,Animalia,Arthropoda,Malacostraca,Decapoda,Cancridae,Cancer,Species
C12,Brown Rock Crab,Romaleon antennarium,Romaleon antennarium,WoRMS,440397,Animalia,Arthropoda,Malacostraca,Decapoda,Cancridae,Romaleon,Species
C21,Sharpnose Crab,Scyra acutifrons,Scyra acutifrons,WoRMS,441698,Animalia,Arthropoda,Malacostraca,Decapoda,Epialtidae,Scyra,Species
C22,Graceful Decorator Crab,Oregonia gracilis,Oregonia gracilis,WoRMS,442171,Animalia,Arthropoda,Malacostraca,Decapoda,Oregoniidae,Oregonia,Species
C22.5,Decorator crab (general),Majoidea,"decorator crab, not identified beyond the super family level, Southern CA",WoRMS,106700,Animalia,Arthropoda,Malacostraca,Decapoda,,,Superfamily
C23,Porcelain Crab,Petrolisthes spp.,"porcelain crab, not identified to species level",WoRMS,206848,Animalia,Arthropoda,Malacostraca,Decapoda,Porcellanidae,Petrolisthes,Genus
C3,Kelp Crab,Pugettia spp.,"kelp crab, not identified to species level",WoRMS,240779,Animalia,Arthropoda,Malacostraca,Decapoda,Epialtidae,Pugettia,Genus
C31,Northern Kelp Crab,Pugettia producta,Pugettia producta,WoRMS,240780,Animalia,Arthropoda,Malacostraca,Decapoda,Epialtidae,Pugettia,Species
C32,Graceful Kelp Crab,Pugettia gracilis,Pugettia gracilis,WoRMS,441478,Animalia,Arthropoda,Malacostraca,Decapoda,Epialtidae,Pugettia,Species
C4,Hermit Crab,Paguroidea,"hermit crab, not identified beyond the super family level",WoRMS,106687,Animalia,Arthropoda,Malacostraca,Decapoda,,,Superfamily
C41,Hermit Crab,Pagurus spp.,"hermit crab, not identified to species level",WoRMS,106854,Animalia,Arthropoda,Malacostraca,Decapoda,Paguridae,Pagurus,Genus
C5,Shrimp,Decapoda,"shrimp, Dendrobranchiata or Pleocyemata, not identified beyond the suborder level",WoRMS,1130,Animalia,Arthropoda,Malacostraca,Decapoda,,,Order
C51,Broken Back Shrimps,Hippolytidae,"broken back shrimp, not identified beyond the family level",WoRMS,106777,Animalia,Arthropoda,Malacostraca,Decapoda,Hippolytidae,,Family
C6,Lithoid Crabs,Lithodidae,"lithoid crab, not identified beyond the family level",WoRMS,106737,Animalia,Arthropoda,Malacostraca,Decapoda,Lithodidae,,Family
C61,Heart Crab,Phyllolithodes papillosus,Phyllolithodes papillosus,WoRMS,550606,Animalia,Arthropoda,Malacostraca,Decapoda,Lithodidae,Phyllolithodes,Species
C62,Furry Crab,Hapalogaster cavicauda,Hapalogaster cavicauda,WoRMS,590108,Animalia,Arthropoda,Malacostraca,Decapoda,Lithodidae,Hapalogaster,Species
C71,Purple shore crab,Hemigrapsus nudus,Hemigrapsus nudus,WoRMS,444776,Animalia,Arthropoda,Malacostraca,Decapoda,Varunidae,Hemigrapsus,Species
C72,Lined Shore crab,Pachygrapsus crassipes,Pachygrapsus crassipes,WoRMS,395016,Animalia,Arthropoda,Malacostraca,Decapoda,Grapsidae,Pachygrapsus,Species
C8,Sheep Crab,Loxorhynchus grandis,Loxorhynchus grandis,WoRMS,441602,Animalia,Arthropoda,Malacostraca,Decapoda,Epialtidae,Loxorhynchus,Species
C81,Masking crab,Loxorhynchus crispatus,Loxorhynchus crispatus,WoRMS,441601,Animalia,Arthropoda,Malacostraca,Decapoda,Epialtidae,Loxorhynchus,Species
DA1,Dead Red Abalone,Haliotis rufescens,"Haliotus refuscens, sick/dead or empty shells. Code used following the 2011 harmful algal bloom event",WoRMS,445357,Animalia,Mollusca,Gastropoda,Lepetellida,Haliotidae,Haliotis,Species
DA11,Dying Red Abalone,Haliotis rufescens,"Unattached Haliotus refuscens, responsive but not attached. After 2017 REAS surveys",WoRMS,445357,Animalia,Mollusca,Gastropoda,Lepetellida,Haliotidae,Haliotis,Species
DA12,Dead Red Abalone (with meat),Haliotis rufescens,Haliotus refuscens shell with meat (freshly dead). After 2017 REAS surveys,WoRMS,445357,Animalia,Mollusca,Gastropoda,Lepetellida,Haliotidae,Haliotis,Species
DC3,Dead Kelp Crab,Pugettia spp.,Sick/Dead kelp crab not identified beyond the genus level. Code used following the 2011 harmful algal bloom event.,WoRMS,240779,Animalia,Arthropoda,Malacostraca,Decapoda,Epialtidae,Pugettia,Genus
DG11,Dead Gumboot Chiton,Cryptochiton stelleri,Sick/Dead gumboot chiton. Code used following the 2011 harmful algal bloom event.,WoRMS,240776,Animalia,Mollusca,Polyplacophora,Chitonida,Acanthochitonidae,Cryptochiton,Species
DS1,Dead Pisaster species,Pisaster spp.,Sick/Dead Pisaster spp. not identified beyond genus level. Code used following the 2011 harmful algal bloom event.,WoRMS,240754,Animalia,Echinodermata,Asteroidea,Forcipulatida,Asteriidae,Pisaster,Genus
DS2,Dead Solaster species,Solaster spp.,Sick/Dead Solaster spp. not identified beyond genus level. Code used following the 2011 harmful algal bloom event.,WoRMS,123338,Animalia,Echinodermata,Asteroidea,Valvatida,Solasteridae,Solaster,Genus
DS31,Dead Leather Star,Dermasterias imbricata,Sick/Dead leather star. Code used following the 2011 harmful algal bloom event.,WoRMS,240771,Animalia,Echinodermata,Asteroidea,Valvatida,Asteropseidae,Dermasterias,Species
DS61,Dead Bat Star,Patiria miniata,Sick/Dead bat star. Code used following the 2011 harmful algal bloom event.,WoRMS,382131,Animalia,Echinodermata,Asteroidea,Valvatida,Asterinidae,Patiria,Species
DS81,Dead Rainbow Star,Orthasterias koehleri,Sick/Dead rainbow star. Code used following the 2011 harmful algal bloom event.,WoRMS,255048,Animalia,Echinodermata,Asteroidea,Forcipulatida,Asteriidae,Orthasterias,Species
DS91,Dead Sunflower Star,Pycnopodia helianthoides,Sick/Dead sunflower star. Code used following the 2011 harmful algal bloom event.,WoRMS,240764,Animalia,Echinodermata,Asteroidea,Forcipulatida,Asteriidae,Pycnopodia,Species
DU1,Dead Red Urchin,Strongylocentrotus franciscanus,"red urchin, sick/dead or empty shell. Code used following the 2011 harmful algal bloom event.",WoRMS,591102,Animalia,Echinodermata,Echinoidea,Camarodonta,Strongylocentrotidae,Strongylocentrotus,Species
DU11,Dead Purple Urchin,Strongylocentrotus purpuratus,"purple urchin, sick/dead or empty shell. Code used following the 2011 harmful algal bloom event.",WoRMS,240747,Animalia,Echinodermata,Echinoidea,Camarodonta,Strongylocentrotidae,Strongylocentrotus,Species
DU2,Dead Sea Cucumber,Holothuroidea,"sea cucumber not identified beyond class level, sick or dead. Code used following the 2011 harmful algal bloom event.",WoRMS,123083,Animalia,Echinodermata,Holothuroidea,,,,Class
EA1,Empty Red Abalone Shell,Haliotis rufescens,"red abalone, empty shell-no body",WoRMS,445357,Animalia,Mollusca,Gastropoda,Lepetellida,Haliotidae,Haliotis,Species
EA11,Empty Flat Abalone Shell,Haliotis walallensis,"flat abalone, empty shell-no body.",WoRMS,445374,Animalia,Mollusca,Gastropoda,Lepetellida,Haliotidae,Haliotis,Species
EA12,Empty Pinto Abalone Shell,Haliotis kamtschatkana,"pinto abalone, empty shell-no body.",WoRMS,405014,Animalia,Mollusca,Gastropoda,Lepetellida,Haliotidae,Haliotis,Species
EU11,Empty Purple Urchin Test,Strongylocentrotus purpuratus,"purple urchin, empty test.",WoRMS,240747,Animalia,Echinodermata,Echinoidea,Camarodonta,Strongylocentrotidae,Strongylocentrotus,Species
F1,Sculpin,Cottidae,"sculpin, not identified beyond the family level",WoRMS,125589,Animalia,Chordata,Teleostei,Perciformes,Cottidae,,Family
F11,Cabezon,Scorpaenichthys marmoratus,Scorpaenichthys marmoratus,WoRMS,282726,Animalia,Chordata,Teleostei,Perciformes,Jordaniidae,Scorpaenichthys,Species
F12,Scorpion Fish,Scorpaena guttata,Scorpaena guttata,WoRMS,274713,Animalia,Chordata,Teleostei,Perciformes,Scorpaenidae,Scorpaena,Species
F2,Lingcod,Ophiodon elongatus,Ophiodon elongatus,WoRMS,240745,Animalia,Chordata,Teleostei,Perciformes,Hexagrammidae,Ophiodon,Species
F3,Rockfish,Sebastes spp.,"Rockfish, not identified beyond the genus level",WoRMS,126175,Animalia,Chordata,Teleostei,Perciformes,Sebastidae,Sebastes,Genus
F31,Brown Rockfish,Sebastes auriculatus,Sebastes auriculatus,WoRMS,274773,Animalia,Chordata,Teleostei,Perciformes,Sebastidae,Sebastes,Species
F32,Black Rockfish,Sebastes melanops,Sebastes melanops,WoRMS,274817,Animalia,Chordata,Teleostei,Perciformes,Sebastidae,Sebastes,Species
F33,Copper Rockfish,Sebastes caurinus,Sebastes caurinus,WoRMS,274780,Animalia,Chordata,Teleostei,Perciformes,Sebastidae,Sebastes,Species
F34,Gopher Rockfish,Sebastes carnatus,Sebastes carnatus,WoRMS,274779,Animalia,Chordata,Teleostei,Perciformes,Sebastidae,Sebastes,Species
F35,Black and Yellow Rockfish,Sebastes chrysomelas,Sebastes chrysomelas,WoRMS,240737,Animalia,Chordata,Teleostei,Perciformes,Sebastidae,Sebastes,Species
F36,China Rockfish,Sebastes nebulosus,Sebastes nebulosus,WoRMS,274824,Animalia,Chordata,Teleostei,Perciformes,Sebastidae,Sebastes,Species
F37,Blue Rockfish,Sebastes mystinus,Sebastes mystinus,WoRMS,274823,Animalia,Chordata,Teleostei,Perciformes,Sebastidae,Sebastes,Species
F38,Treefish,Sebastes serriceps,Sebastes serriceps,WoRMS,274853,Animalia,Chordata,Teleostei,Perciformes,Sebastidae,Sebastes,Species
F39,Bocaccio,Sebastes paucispinis,Sebastes paucispinis,WoRMS,274833,Animalia,Chordata,Teleostei,Perciformes,Sebastidae,Sebastes,Species
F4,Surfperch,Embiotocidae,"Surfperch, not identified beyond the family level",WoRMS,151386,Animalia,Chordata,Teleostei,Ovalentaria incertae sedis,Embiotocidae,,Family
F41,Rubberlip Perch,Rhacochilus toxotes,Rhacochilus toxotes,WoRMS,282575,Animalia,Chordata,Teleostei,Ovalentaria incertae sedis,Embiotocidae,Rhacochilus,Species
F5,Sarcastic Fringehead,Neoclinus stephensae,Neoclinus stephensae,WoRMS,281685,Animalia,Chordata,Teleostei,Blenniiformes,Chaenopsidae,Neoclinus,Species
F6,Northern Clingfish,Gobiesox maeandricus,Gobiesox maeandricus,WoRMS,275671,Animalia,Chordata,Teleostei,Gobiesociformes,Gobiesocidae,Gobiesox,Species
F7,Snail Fish,Liparidae,"snail fish, not identified beyond the family level",WoRMS,234519,Animalia,Chordata,Teleostei,Perciformes,Liparidae,,Family
F8,Kelp Greenling,Hexagrammos decagrammus,Hexagrammos decagrammus,WoRMS,240732,Animalia,Chordata,Teleostei,Perciformes,Hexagrammidae,Hexagrammos,Species
F81,Rock Greenling,Hexagrammos lagocephalus,Hexagrammos lagocephalus (prior species was superciliosus),WoRMS,240735,Animalia,Chordata,Teleostei,Perciformes,Hexagrammidae,Hexagrammos,Species
F82,Sheephead,Bodianus pulcher,"Bodianus pulcher, Southern CA (prior genus was Semicossyphus)",WoRMS,1702292,Animalia,Chordata,Teleostei,Eupercaria incertae sedis,Labridae,Bodianus,Species
F9,Gunnels,Pholidae,"gunnel, not identified beyond the family level",WoRMS,125550,Animalia,Chordata,Teleostei,Perciformes,Pholidae,,Family
F91,Monkeyface prickleback,Cebidichthys violaceus,Cebidichthys violaceus,WoRMS,280053,Animalia,Chordata,Teleostei,Perciformes,Cebidichthyidae,Cebidichthys,Species
G1,Chiton,Polyplacophora,"chiton, not identified beyond the class level",WoRMS,55,Animalia,Mollusca,Polyplacophora,,,,Class
G11,Gumboot Chiton,Cryptochiton stelleri,Cryptochiton stelleri,WoRMS,240776,Animalia,Mollusca,Polyplacophora,Chitonida,Acanthochitonidae,Cryptochiton,Species
G12,Lined Chiton,Tonicella lineata,Tonicella lineata,WoRMS,386441,Animalia,Mollusca,Polyplacophora,Chitonida,Tonicellidae,Tonicella,Species
G13,Black chiton,Katharina tunicata,Katharina tunicata,WoRMS,386338,Animalia,Mollusca,Polyplacophora,Chitonida,Mopaliidae,Katharina,Species
G14,Mossy/Woody chiton,Mopalia spp.,"mossy or woody chiton, not identified beyond the genus level",WoRMS,385567,Animalia,Mollusca,Polyplacophora,Chitonida,Mopaliidae,Mopalia,Genus
G2,Nudibranch,Nudibranchia,"Nudibranch, not identified beyond the family level",WoRMS,1762,Animalia,Mollusca,Gastropoda,Nudibranchia,,,Order
G21,Clown Nudibranch,Triopha catalinae,Triopha catalinae (prior species was carpenteri),WoRMS,531258,Animalia,Mollusca,Gastropoda,Nudibranchia,Polyceridae,Triopha,Species
G22,Sea Lemon Nudibranch,Doris montereyensis,Doris montereyensis (prior genus was Archidoris),WoRMS,581816,Animalia,Mollusca,Gastropoda,Nudibranchia,Dorididae,Doris,Species
G23,Opalescent Nudibranch,Hermissenda crassicornis,Hermissenda crassicornis,WoRMS,367883,Animalia,Mollusca,Gastropoda,Nudibranchia,Myrrhinidae,Hermissenda,Species
G24,Navanax nudibranch,Navanax inermis,Navanax inermis,WoRMS,367836,Animalia,Mollusca,Gastropoda,Cephalaspidea,Aglajidae,Navanax,Species
G25,Pleurobranch orange-spot,Aldisa cooperi,Aldisa cooperi,WoRMS,581809,Animalia,Mollusca,Gastropoda,Nudibranchia,Cadlinidae,Aldisa,Species
G26,Hopkin's Rose nudibranch,Okenia rosacea,Okenia rosacea,WoRMS,599485,Animalia,Mollusca,Gastropoda,Nudibranchia,Goniodorididae,Okenia,Species
G3,Snail,Gastropoda,"sea snail, unidentified beyond the class level",WoRMS,101,Animalia,Mollusca,Gastropoda,,,,Class
G30,Turban species,Tegula spp.,"turban snail, not identified beyong the genus level",WoRMS,413467,Animalia,Mollusca,Gastropoda,Trochida,Tegulidae,Tegula,Genus
G31,Black Turban,Tegula funebralis,Tegula funebralis,WoRMS,534190,Animalia,Mollusca,Gastropoda,Trochida,Tegulidae,Tegula,Species
G312,Banded Tegula,Tegula eiseni,Tegula eiseni,WoRMS,413469,Animalia,Mollusca,Gastropoda,Trochida,Tegulidae,Tegula,Species
G313,Queen Tegula,Tegula regina,Tegula regina,WoRMS,534195,Animalia,Mollusca,Gastropoda,Trochida,Tegulidae,Tegula,Species
G32,Blue Top Snail,Calliostoma ligatum,Calliostoma ligatum,WoRMS,580412,Animalia,Mollusca,Gastropoda,Trochida,Calliostomatidae,Calliostoma,Species
G33,Leafy Hornmouth,Ceratostoma foliatum,Ceratostoma foliatum,WoRMS,240767,Animalia,Mollusca,Gastropoda,Neogastropoda,Muricidae,Ceratostoma,Species
G331,Predatory snail,Buccinidae,Buccinidae,WoRMS,149,Animalia,Mollusca,Gastropoda,Neogastropoda,Buccinidae,,Family
G332,Ida's Miter,Atrimitra idae,Atrimitra idae(proir species was Mitra),WoRMS,1074819,Animalia,Mollusca,Gastropoda,Neogastropoda,Mitridae,Mitra,Species
G333,California cone,Californiconus californicus,Californiconus californicus (prior species was Conus),WoRMS,581058,Animalia,Mollusca,Gastropoda,Neogastropoda,Conidae,Conus,Species
G335,Gem Murex,Maxwellia gemma,Maxwellia gemma,WoRMS,408591,Animalia,Mollusca,Gastropoda,Neogastropoda,Muricidae,Maxwellia,Species
G34,Brown turban snail,Tegula brunnea,Tegula brunnea,WoRMS,534187,Animalia,Mollusca,Gastropoda,Trochida,Tegulidae,Tegula,Species
G35,Chestnut Cowrie,Neobernaya spadicea,"Neobernaya spadicea, Southern CA",WoRMS,580674,Animalia,Mollusca,Gastropoda,Littorinimorpha,Cypraeidae,Neobernaya,Species
G351,Rigid Cowrie,Cypraea tigris,"Cypraea tigris, Southern CA",WoRMS,216843,Animalia,Mollusca,Gastropoda,Littorinimorpha,Cypraeidae,Cypraea,Species
G352,Olive Cowrie,Callianax biplicata,"Callianax biplicata, Southern CA",WoRMS,1424883,Animalia,Mollusca,Gastropoda,Neogastropoda,Olividae,Callianax,Species
G353,Coffee Bean Cowrie,Pseudopusula californiana,Pseudopusula californiana,WoRMS,833539,Animalia,Mollusca,Gastropoda,Littorinimorpha,Triviidae,Pseudopusula,Species
G36,Kellet's Whelk,Kelletia kelletii,"Kelletia kelletii, Southern CA",WoRMS,491054,Animalia,Mollusca,Gastropoda,Neogastropoda,Austrosiphonidae,Kelletia,Species
G362,Whelk species,Buccinidae,"whelk, not identified beyond the family level",WoRMS,149,Animalia,Mollusca,Gastropoda,Neogastropoda,Buccinidae,,Family
G37,Wavy Turban Snail,Megastraea undosa,"Megastraea undosa, Southern CA",WoRMS,528084,Animalia,Mollusca,Gastropoda,Trochida,Turbinidae,Megastraea,Species
G377,Norris' Top Snail,Norrisia norrisii,Norrisia norrisii,WoRMS,534181,Animalia,Mollusca,Gastropoda,Trochida,Tegulidae,Norrisia,Species
G38,Nuttall's Hornmouth,Ceratostoma nuttalli,"Ceratostoma nuttalli, Southern CA",WoRMS,403965,Animalia,Mollusca,Gastropoda,Neogastropoda,Muricidae,Ceratostoma,Species
G39,California Frog Shell,Crossata californica,"Crossata californica, Southern CA (prior genus was Bursa)",WoRMS,580701,Animalia,Mollusca,Gastropoda,Littorinimorpha,Bursidae,Crossata,Species
G4,Limpet,Gastropoda,"limpet, unidentified beyond the class level",WoRMS,101,Animalia,Mollusca,Gastropoda,,,,Class
G41,White Cap Limpet,Acmaea mitra,Acmaea mitra,WoRMS,456582,Animalia,Mollusca,Gastropoda,,Acmaeidae,Acmaea,Species
G42,Owl Limpet,Lottia gigantea,Lottia gigantea,WoRMS,456593,Animalia,Mollusca,Gastropoda,,Lottiidae,Lottia,Species
G43,Keyhole Limpet,Megathura crenulata,Megathura crenulata,WoRMS,527885,Animalia,Mollusca,Gastropoda,Lepetellida,Fissurellidae,Megathura,Species
G44,Keyhole Limpet (Rough),Diodora aspera,Diodora aspera,WoRMS,367955,Animalia,Mollusca,Gastropoda,Lepetellida,Fissurellidae,Diodora,Species
G5,Octopus,Octopoda,"octopus, not identified beyond the order level",WoRMS,11718,Animalia,Mollusca,Cephalopoda,Octopoda,,,Order
G51,Two-Spot Octopus,Octopus bimaculoides,Octopus bimaculoides,WoRMS,341952,Animalia,Mollusca,Cephalopoda,Octopoda,Octopodidae,Octopus,Species
G6,Scallop species,Pectinidae,"scallop, not identified beyond the family level",WoRMS,213,Animalia,Mollusca,Bivalvia,Pectinida,Pectinidae,,Family
G61,Pink Scallop,Chlamys rubida,Chlamys rubida,WoRMS,254460,Animalia,Mollusca,Bivalvia,Pectinida,Pectinidae,Chlamys,Species
G62,Rock Scallop,Crassadoma gigantea,Crassadoma gigantea,WoRMS,240774,Animalia,Mollusca,Bivalvia,Pectinida,Pectinidae,Crassadoma,Species
G71,Abalone Jingle,Pododesmus macrochisma,Pododesmus macrochisma (prior species was cepio),WoRMS,758426,Animalia,Mollusca,Bivalvia,Pectinida,Anomiidae,Pododesmus,Species
G81,Sea Hare,Aplysiida,"sea hare, not identified beyond the clade level in the subclass Heterobranchia",WoRMS,1058953,Animalia,Mollusca,Gastropoda,Aplysiida,,,Order
K11,Bull Kelp,Nereocystis luetkeana,"Nereocystis luetkeana, fully developed",WoRMS,240752,Chromista,Ochrophyta,Phaeophyceae,Laminariales,Laminariaceae,Nereocystis,Species
K112,Bull Kelp Juvenile,Nereocystis luetkeana,"Nereocystis luetkeana, juvenile, not fully developed",WoRMS,240752,Chromista,Ochrophyta,Phaeophyceae,Laminariales,Laminariaceae,Nereocystis,Species
K12,Laminarian Kelp,Laminariaceae,"laminarian kelp, not identified beyond the family level",WoRMS,143755,Chromista,Ochrophyta,Phaeophyceae,Laminariales,Laminariaceae,,Family
K18,Gastroclonium,Gastroclonium spp.,"red algae species, not identified beyond the genus level",WoRMS,144239,Plantae,Rhodophyta,Florideophyceae,Rhodymeniales,Champiaceae,Gastroclonium,Genus
L1,Spiny Lobster,Panulirus interruptus,"Panulirus interruptus, Southern CA species",WoRMS,382898,Animalia,Arthropoda,Malacostraca,Decapoda,Palinuridae,Panulirus,Species
N1,Sea Anemone,Actiniaria,order level,WoRMS,1360,Animalia,Cnidaria,Anthozoa,Actiniaria,,,Order
N11,Urticina Anemone,Urticina spp.,genus level,WoRMS,100706,Animalia,Cnidaria,Anthozoa,Actiniaria,Actiniidae,Urticina,Genus
N12,Tube-Dwelling Anemone,Pachycerianthus fimbriatus,Pachycerianthus fimbriatus,WoRMS,283820,Animalia,Cnidaria,Anthozoa,Spirularia,Cerianthidae,Pachycerianthus,Species
N2,Bryozoan,Bryozoa,phylum level,WoRMS,146142,Animalia,Bryozoa,,,,,Phylum
N3,Hydroid,Hydrozoa,"hydrozoans, not identified beyond the class level",WoRMS,1337,Animalia,Cnidaria,Hydrozoa,,,,Class
P1,Sponge,Porifera,"sponge, not identified beyond the phylum level",WoRMS,558,Animalia,Porifera,,,,,Phylum
P12,Sponge,Cliona spp.,"sponge, not identified beyond the genus level",WoRMS,132026,Animalia,Porifera,Demospongiae,Clionaida,Clionaidae,Cliona,Genus
P13,Orange Puffball Sponge,Tethya aurantium,Tethya aurantium (prior species was arantia),WoRMS,134311,Animalia,Porifera,Demospongiae,Tethyida,Tethyidae,Tethya,Species
P14,Grey Puff Ball Sponge,Craniella arb,Craniella arb,WoRMS,171324,Animalia,Porifera,Demospongiae,Tetractinellida,Tetillidae,Craniella,Species
S0,Seastars,Asteroidea,"seastar, not identified beyond the class level",WoRMS,123080,Animalia,Echinodermata,Asteroidea,,,,Class
S1,Pisaster species,Pisaster spp.,"Pisaster spp., not identified beyond the genus level",WoRMS,240754,Animalia,Echinodermata,Asteroidea,Forcipulatida,Asteriidae,Pisaster,Genus
S11,Ochre Star,Pisaster ochraceus,Pisaster ochraceus,WoRMS,240755,Animalia,Echinodermata,Asteroidea,Forcipulatida,Asteriidae,Pisaster,Species
S12,Giant Spined Star,Pisaster giganteus,Pisaster giganteus,WoRMS,240758,Animalia,Echinodermata,Asteroidea,Forcipulatida,Asteriidae,Pisaster,Species
S13,Short Spined Star,Pisaster brevispinus,Pisaster brevispinus,WoRMS,240757,Animalia,Echinodermata,Asteroidea,Forcipulatida,Asteriidae,Pisaster,Species
S2,Solaster species,Solaster spp.,"Solaster spp., not identified beyond the genus level",WoRMS,123338,Animalia,Echinodermata,Asteroidea,Valvatida,Solasteridae,Solaster,Genus
S22,Stimpson's Sun Star,Solaster stimpsoni,Solaster stimpsoni,WoRMS,292729,Animalia,Echinodermata,Asteroidea,Valvatida,Solasteridae,Solaster,Species
S31,Leather Star,Dermasterias imbricata,Dermasterias imbricata,WoRMS,240771,Animalia,Echinodermata,Asteroidea,Valvatida,Asteropseidae,Dermasterias,Species
S41,Blood Star,Henricia leviuscula,Henricia leviuscula,WoRMS,369117,Animalia,Echinodermata,Asteroidea,Spinulosida,Echinasteridae,Henricia,Species
S51,Fish-Eating Star (velcro star),Stylasterias forreri,Stylasterias forreri,WoRMS,255062,Animalia,Echinodermata,Asteroidea,Forcipulatida,Asteriidae,Stylasterias,Species
S61,Bat Star,Patiria miniata,previous genus was Asterina,WoRMS,382131,Animalia,Echinodermata,Asteroidea,Valvatida,Asterinidae,Patiria,Species
S71,False Ochre Star,Evasterias troschelii,Evasterias troschelii,WoRMS,255040,Animalia,Echinodermata,Asteroidea,Forcipulatida,Asteriidae,Evasterias,Species
S81,Rainbow Star,Orthasterias koehleri,Orthasterias koehleri,WoRMS,255048,Animalia,Echinodermata,Asteroidea,Forcipulatida,Asteriidae,Orthasterias,Species
S91,Sunflower Star,Pycnopodia helianthoides,Pycnopodia helianthoides,WoRMS,240764,Animalia,Echinodermata,Asteroidea,Forcipulatida,Asteriidae,Pycnopodia,Species
S921,Six-Rayed Star,Leptasterias hexactis,Leptasterias hexactis,WoRMS,369177,Animalia,Echinodermata,Asteroidea,Forcipulatida,Asteriidae,Leptasterias,Species
S931,Mottled Star,Evasterias troschelii,Evasterias troschelii,WoRMS,255040,Animalia,Echinodermata,Asteroidea,Forcipulatida,Asteriidae,Evasterias,Species
S981,Comet Star,Linckia columbiae,Linckia columbiae,WoRMS,378630,Animalia,Echinodermata,Asteroidea,Valvatida,Ophidiasteridae,Linckia,Species
S991,Brittle Star,Ophiopteris papillosa,Ophiopteris papillosa,WoRMS,244022,Animalia,Echinodermata,Ophiuroidea,Ophiacanthida,Ophiopteridae,Ophiopteris,Species
T1,Tunicate,Tunicata,"tunicate, not identified beyond the subphylum level",WoRMS,146420,Animalia,Chordata,,,,,Subphylum
T12,Spiny-headed Tunicate,Boltenia villosa,Boltenia villosa,WoRMS,250073,Animalia,Chordata,Ascidiacea,Stolidobranchia,Pyuridae,Boltenia,Species
T13,Pink Tunicate (Solitary),Cnemidocarpa finmarkiensis,Cnemidocarpa finmarkiensis,WoRMS,103870,Animalia,Chordata,Ascidiacea,Stolidobranchia,Styelidae,Cnemidocarpa,Species
T14,Clear Tunicate (Solitary),Corella willmeriana,Corella willmeriana,WoRMS,250378,Animalia,Chordata,Ascidiacea,Phlebobranchia,Corellidae,Corella,Species
T15,Stalked Tunicate,Styela montereyensis,Styela montereyensis,WoRMS,240756,Animalia,Chordata,Ascidiacea,Stolidobranchia,Styelidae,Styela,Species
U0,Urchin,Echinoidea,"urchin, not identified beyond the class level",WoRMS,123082,Animalia,Echinodermata,Echinoidea,,,,Class
U1,Red Urchin,Strongylocentrotus franciscanus,Strongylocentrotus franciscanus,WoRMS,591102,Animalia,Echinodermata,Echinoidea,Camarodonta,Strongylocentrotidae,Strongylocentrotus,Species
U11,Purple Urchin,Strongylocentrotus purpuratus,Strongylocentrotus purpuratus,WoRMS,240747,Animalia,Echinodermata,Echinoidea,Camarodonta,Strongylocentrotidae,Strongylocentrotus,Species
U12,Coronado (Crowned Black) Urchin,Centrostephanus coronatus,"Centrostephanus coronatus, Southern CA species",WoRMS,513165,Animalia,Echinodermata,Echinoidea,Diadematoida,Diadematidae,Centrostephanus,Species
U13,White Urchin,Lytechinus pictus,"Lytechinus pictus, Southern CA species (prior species was anamesus)",WoRMS,513378,Animalia,Echinodermata,Echinoidea,Camarodonta,Toxopneustidae,Lytechinus,Species
U14,Heart Urchin,Spatangoida spp.,"heart urchin, not identified beyond the genus level",WoRMS,123106,Animalia,Echinodermata,Echinoidea,Spatangoida,,,Order
U15,Black Urchin,Arbacia stellata,Arbacia stellata,WoRMS,513125,Animalia,Echinodermata,Echinoidea,Arbacioida,Arbaciidae,Arbacia,Species
U2,Sea Cucumber,Holothuroidea,"sea cucumber, not identified beyond the class level",WoRMS,123083,Animalia,Echinodermata,Holothuroidea,,,,Class
U21,Giant Red Sea Cucumber,Apostichopus californicus,Apostichopus californicus (prior species was Parastichopus),WoRMS,529363,Animalia,Echinodermata,Holothuroidea,Synallactida,Stichopodidae,Apostichopus,Species
U22,White Sea Cucumber,Eupentacta quinquesemita,Eupentacta quinquesemita,WoRMS,529305,Animalia,Echinodermata,Holothuroidea,Dendrochirotida,Sclerodactylidae,Eupentacta,Species
U23,Warty Sea Cucumber,Apostichopus parvimensis,Apostichopus parvimensis,WoRMS,529435,Animalia,Echinodermata,Holothuroidea,Synallactida,Stichopodidae,Apostichopus,Species
U24,Pseudocnus (Cucumeria) spp.,Pseudocnus lubricus,previous genus was Cucumeria,WoRMS,529633,Animalia,Echinodermata,Holothuroidea,Dendrochirotida,Cucumariidae,Pseudocnus,Species
U25,Orange Sea Cucumber,Cucumaria miniata,Cucumaria miniata,WoRMS,225807,Animalia,Echinodermata,Holothuroidea,Dendrochirotida,Cucumariidae,Cucumaria,Species
W1,Polychaete Worm,Polychaeta,"polychate worm, not identified beyond the class level",WoRMS,883,Animalia,Annelida,Polychaeta,,,,Class
W2,Nereid Worm,Nereis spp.,"nereid worm, not identified beyond the genus level",WoRMS,129379,Animalia,Annelida,Polychaeta,Phyllodocida,Nereididae,Nereis,Genus
W21,Fire Worm,Polychaeta,"fire worm, not identified beyond the class level",WoRMS,883,Animalia,Annelida,Polychaeta,,,,Class
W3,Flatworm,Platyhelminthes,"flatworm, not identified beyond the phylum level",WoRMS,793,Animalia,Platyhelminthes,,,,,Phylum
W4,Ribbon Worm,Nemertea,"ribbon worm, not identified beyond the phylum level",WoRMS,152391,Animalia,Nemertea,,,,,Phylum
Wh1,Whelk species,Buccinidae,"whelk, not identified beyond the family level",WoRMS,149,Animalia,Mollusca,Gastropoda,Neogastropoda,Buccinidae,,Family
WS1,Wasting Star,Asteroidea,"starfish, shriveled, wasted animal. Code used after the 2013 seastar wasting event.",WoRMS,123080,Animalia,Echinodermata,Asteroidea,,,,Class
WS4,Wasting Bat Star,Patiria miniata,"bat star, shriveled, wasted animal. Code used after the 2013 seastar wasting event.",WoRMS,382131,Animalia,Echinodermata,Asteroidea,Valvatida,Asterinidae,Patiria,Species
X11,Aggregating anemone,Anthopleura elegantisima,Anthopleura elegantisima,WoRMS,283347,Animalia,Cnidaria,Anthozoa,Actiniaria,Actiniidae,Anthopleura,Species
X12,Solitary anemone,Anthopleura xanthogrammica,Anthopleura xanthogrammica,WoRMS,283377,Animalia,Cnidaria,Anthozoa,Actiniaria,Actiniidae,Anthopleura,Species
